Model,Curve,X,Y,ROC_AUC,PR_AUC
LightGBM,ROC,0.0,0.0,0.7275,0.193
LightGBM,ROC,0.0034,0.0191,0.7275,0.193
LightGBM,ROC,0.0081,0.0412,0.7275,0.193
LightGBM,ROC,0.0127,0.0644,0.7275,0.193
LightGBM,ROC,0.017,0.0874,0.7275,0.193
LightGBM,ROC,0.0214,0.1107,0.7275,0.193
LightGBM,ROC,0.029,0.1372,0.7275,0.193
LightGBM,ROC,0.0361,0.1597,0.7275,0.193
LightGBM,ROC,0.0445,0.1841,0.7275,0.193
LightGBM,ROC,0.0529,0.2097,0.7275,0.193
LightGBM,ROC,0.0606,0.2343,0.7275,0.193
LightGBM,ROC,0.064,0.2445,0.7275,0.193
LightGBM,ROC,0.0675,0.2555,0.7275,0.193
LightGBM,ROC,0.0719,0.2673,0.7275,0.193
LightGBM,ROC,0.0763,0.279,0.7275,0.193
LightGBM,ROC,0.0812,0.2936,0.7275,0.193
LightGBM,ROC,0.085,0.3035,0.7275,0.193
LightGBM,ROC,0.0899,0.3151,0.7275,0.193
LightGBM,ROC,0.0948,0.3263,0.7275,0.193
LightGBM,ROC,0.0987,0.3345,0.7275,0.193
LightGBM,ROC,0.1043,0.3479,0.7275,0.193
LightGBM,ROC,0.1082,0.3555,0.7275,0.193
LightGBM,ROC,0.1089,0.3568,0.7275,0.193
LightGBM,ROC,0.1108,0.3598,0.7275,0.193
LightGBM,ROC,0.1177,0.3718,0.7275,0.193
LightGBM,ROC,0.1219,0.3794,0.7275,0.193
LightGBM,ROC,0.1266,0.3868,0.7275,0.193
LightGBM,ROC,0.1292,0.3909,0.7275,0.193
LightGBM,ROC,0.1322,0.3967,0.7275,0.193
LightGBM,ROC,0.1365,0.4043,0.7275,0.193
LightGBM,ROC,0.1414,0.4134,0.7275,0.193
LightGBM,ROC,0.1474,0.423,0.7275,0.193
LightGBM,ROC,0.152,0.4305,0.7275,0.193
LightGBM,ROC,0.1574,0.4393,0.7275,0.193
LightGBM,ROC,0.1609,0.4444,0.7275,0.193
LightGBM,ROC,0.1749,0.4668,0.7275,0.193
LightGBM,ROC,0.1781,0.4727,0.7275,0.193
LightGBM,ROC,0.1829,0.4801,0.7275,0.193
LightGBM,ROC,0.1871,0.4872,0.7275,0.193
LightGBM,ROC,0.1909,0.4926,0.7275,0.193
LightGBM,ROC,0.1973,0.503,0.7275,0.193
LightGBM,ROC,0.2013,0.5087,0.7275,0.193
LightGBM,ROC,0.2074,0.5185,0.7275,0.193
LightGBM,ROC,0.2144,0.5279,0.7275,0.193
LightGBM,ROC,0.218,0.5331,0.7275,0.193
LightGBM,ROC,0.2185,0.5341,0.7275,0.193
LightGBM,ROC,0.2268,0.5466,0.7275,0.193
LightGBM,ROC,0.2345,0.5575,0.7275,0.193
LightGBM,ROC,0.2382,0.5635,0.7275,0.193
LightGBM,ROC,0.2388,0.564,0.7275,0.193
LightGBM,ROC,0.2421,0.5684,0.7275,0.193
LightGBM,ROC,0.243,0.5691,0.7275,0.193
LightGBM,ROC,0.2439,0.5702,0.7275,0.193
LightGBM,ROC,0.2465,0.573,0.7275,0.193
LightGBM,ROC,0.2528,0.581,0.7275,0.193
LightGBM,ROC,0.2561,0.585,0.7275,0.193
LightGBM,ROC,0.2623,0.5904,0.7275,0.193
LightGBM,ROC,0.2698,0.5987,0.7275,0.193
LightGBM,ROC,0.2738,0.6031,0.7275,0.193
LightGBM,ROC,0.2791,0.6081,0.7275,0.193
LightGBM,ROC,0.2884,0.6208,0.7275,0.193
LightGBM,ROC,0.2908,0.6236,0.7275,0.193
LightGBM,ROC,0.299,0.6339,0.7275,0.193
LightGBM,ROC,0.3051,0.6408,0.7275,0.193
LightGBM,ROC,0.3092,0.6444,0.7275,0.193
LightGBM,ROC,0.3147,0.6499,0.7275,0.193
LightGBM,ROC,0.3216,0.6576,0.7275,0.193
LightGBM,ROC,0.3254,0.6627,0.7275,0.193
LightGBM,ROC,0.3308,0.6676,0.7275,0.193
LightGBM,ROC,0.335,0.6722,0.7275,0.193
LightGBM,ROC,0.341,0.6776,0.7275,0.193
LightGBM,ROC,0.3469,0.6825,0.7275,0.193
LightGBM,ROC,0.3488,0.6838,0.7275,0.193
LightGBM,ROC,0.3528,0.6885,0.7275,0.193
LightGBM,ROC,0.3554,0.6918,0.7275,0.193
LightGBM,ROC,0.3603,0.6966,0.7275,0.193
LightGBM,ROC,0.3646,0.7012,0.7275,0.193
LightGBM,ROC,0.3665,0.7027,0.7275,0.193
LightGBM,ROC,0.3699,0.7062,0.7275,0.193
LightGBM,ROC,0.3762,0.7131,0.7275,0.193
LightGBM,ROC,0.3778,0.715,0.7275,0.193
LightGBM,ROC,0.3816,0.7181,0.7275,0.193
LightGBM,ROC,0.3827,0.7192,0.7275,0.193
LightGBM,ROC,0.384,0.7209,0.7275,0.193
LightGBM,ROC,0.3864,0.7225,0.7275,0.193
LightGBM,ROC,0.3928,0.7279,0.7275,0.193
LightGBM,ROC,0.3977,0.7322,0.7275,0.193
LightGBM,ROC,0.4028,0.737,0.7275,0.193
LightGBM,ROC,0.4094,0.7422,0.7275,0.193
LightGBM,ROC,0.4109,0.7435,0.7275,0.193
LightGBM,ROC,0.4137,0.7465,0.7275,0.193
LightGBM,ROC,0.418,0.7498,0.7275,0.193
LightGBM,ROC,0.4213,0.7519,0.7275,0.193
LightGBM,ROC,0.4266,0.7552,0.7275,0.193
LightGBM,ROC,0.4294,0.757,0.7275,0.193
LightGBM,ROC,0.4311,0.7581,0.7275,0.193
LightGBM,ROC,0.4403,0.7646,0.7275,0.193
LightGBM,ROC,0.4458,0.7689,0.7275,0.193
LightGBM,ROC,0.4495,0.7717,0.7275,0.193
LightGBM,ROC,0.4572,0.7779,0.7275,0.193
LightGBM,ROC,0.4603,0.7801,0.7275,0.193
LightGBM,ROC,0.4649,0.7827,0.7275,0.193
LightGBM,ROC,0.4703,0.7865,0.7275,0.193
LightGBM,ROC,0.4806,0.7942,0.7275,0.193
LightGBM,ROC,0.488,0.7986,0.7275,0.193
LightGBM,ROC,0.4917,0.8012,0.7275,0.193
LightGBM,ROC,0.4988,0.8052,0.7275,0.193
LightGBM,ROC,0.504,0.8085,0.7275,0.193
LightGBM,ROC,0.5133,0.8149,0.7275,0.193
LightGBM,ROC,0.5163,0.8174,0.7275,0.193
LightGBM,ROC,0.5276,0.8251,0.7275,0.193
LightGBM,ROC,0.5328,0.8288,0.7275,0.193
LightGBM,ROC,0.5379,0.8318,0.7275,0.193
LightGBM,ROC,0.5443,0.8353,0.7275,0.193
LightGBM,ROC,0.5518,0.8407,0.7275,0.193
LightGBM,ROC,0.5556,0.8429,0.7275,0.193
LightGBM,ROC,0.5592,0.8455,0.7275,0.193
LightGBM,ROC,0.5661,0.8499,0.7275,0.193
LightGBM,ROC,0.5696,0.8517,0.7275,0.193
LightGBM,ROC,0.5819,0.8574,0.7275,0.193
LightGBM,ROC,0.587,0.8611,0.7275,0.193
LightGBM,ROC,0.5959,0.8661,0.7275,0.193
LightGBM,ROC,0.6022,0.8701,0.7275,0.193
LightGBM,ROC,0.6089,0.8738,0.7275,0.193
LightGBM,ROC,0.6099,0.8745,0.7275,0.193
LightGBM,ROC,0.6167,0.8782,0.7275,0.193
LightGBM,ROC,0.6206,0.8802,0.7275,0.193
LightGBM,ROC,0.6301,0.8843,0.7275,0.193
LightGBM,ROC,0.6348,0.8865,0.7275,0.193
LightGBM,ROC,0.6394,0.8883,0.7275,0.193
LightGBM,ROC,0.6487,0.8931,0.7275,0.193
LightGBM,ROC,0.6517,0.8944,0.7275,0.193
LightGBM,ROC,0.6601,0.8981,0.7275,0.193
LightGBM,ROC,0.6679,0.9018,0.7275,0.193
LightGBM,ROC,0.6757,0.9051,0.7275,0.193
LightGBM,ROC,0.6994,0.9166,0.7275,0.193
LightGBM,ROC,0.7111,0.9208,0.7275,0.193
LightGBM,ROC,0.7181,0.9234,0.7275,0.193
LightGBM,ROC,0.7276,0.927,0.7275,0.193
LightGBM,ROC,0.7394,0.9313,0.7275,0.193
LightGBM,ROC,0.7548,0.9374,0.7275,0.193
LightGBM,ROC,0.7694,0.9415,0.7275,0.193
LightGBM,ROC,0.7803,0.9449,0.7275,0.193
LightGBM,ROC,0.7877,0.9469,0.7275,0.193
LightGBM,ROC,0.8036,0.9519,0.7275,0.193
LightGBM,ROC,0.8278,0.9591,0.7275,0.193
LightGBM,ROC,0.8398,0.9634,0.7275,0.193
LightGBM,ROC,0.8517,0.9668,0.7275,0.193
LightGBM,ROC,0.8699,0.9724,0.7275,0.193
LightGBM,ROC,0.893,0.9793,0.7275,0.193
LightGBM,ROC,0.9088,0.9838,0.7275,0.193
LightGBM,ROC,0.9335,0.988,0.7275,0.193
LightGBM,ROC,0.9525,0.9913,0.7275,0.193
LightGBM,ROC,0.9689,0.9942,0.7275,0.193
LightGBM,ROC,0.984,0.9968,0.7275,0.193
LightGBM,ROC,1.0,1.0,0.7275,0.193
LightGBM,PR,1.0,0.0807,0.7275,0.193
LightGBM,PR,0.9968,0.0817,0.7275,0.193
LightGBM,PR,0.9942,0.0827,0.7275,0.193
LightGBM,PR,0.9913,0.0837,0.7275,0.193
LightGBM,PR,0.988,0.085,0.7275,0.193
LightGBM,PR,0.9838,0.0868,0.7275,0.193
LightGBM,PR,0.9793,0.0878,0.7275,0.193
LightGBM,PR,0.9724,0.0894,0.7275,0.193
LightGBM,PR,0.9668,0.0907,0.7275,0.193
LightGBM,PR,0.9634,0.0915,0.7275,0.193
LightGBM,PR,0.9591,0.0924,0.7275,0.193
LightGBM,PR,0.9519,0.0942,0.7275,0.193
LightGBM,PR,0.9469,0.0955,0.7275,0.193
LightGBM,PR,0.9449,0.0961,0.7275,0.193
LightGBM,PR,0.9415,0.097,0.7275,0.193
LightGBM,PR,0.9374,0.0983,0.7275,0.193
LightGBM,PR,0.9313,0.0996,0.7275,0.193
LightGBM,PR,0.927,0.1006,0.7275,0.193
LightGBM,PR,0.9234,0.1015,0.7275,0.193
LightGBM,PR,0.9208,0.1021,0.7275,0.193
LightGBM,PR,0.9166,0.1032,0.7275,0.193
LightGBM,PR,0.9051,0.1052,0.7275,0.193
LightGBM,PR,0.9018,0.106,0.7275,0.193
LightGBM,PR,0.8981,0.1067,0.7275,0.193
LightGBM,PR,0.8944,0.1076,0.7275,0.193
LightGBM,PR,0.8931,0.1079,0.7275,0.193
LightGBM,PR,0.8883,0.1087,0.7275,0.193
LightGBM,PR,0.8865,0.1092,0.7275,0.193
LightGBM,PR,0.8843,0.1097,0.7275,0.193
LightGBM,PR,0.8802,0.1108,0.7275,0.193
LightGBM,PR,0.8782,0.1112,0.7275,0.193
LightGBM,PR,0.8745,0.1118,0.7275,0.193
LightGBM,PR,0.8738,0.1119,0.7275,0.193
LightGBM,PR,0.8701,0.1126,0.7275,0.193
LightGBM,PR,0.8661,0.1132,0.7275,0.193
LightGBM,PR,0.8611,0.1141,0.7275,0.193
LightGBM,PR,0.8574,0.1146,0.7275,0.193
LightGBM,PR,0.8517,0.1161,0.7275,0.193
LightGBM,PR,0.8499,0.1165,0.7275,0.193
LightGBM,PR,0.8455,0.1172,0.7275,0.193
LightGBM,PR,0.8429,0.1176,0.7275,0.193
LightGBM,PR,0.8407,0.118,0.7275,0.193
LightGBM,PR,0.8353,0.1188,0.7275,0.193
LightGBM,PR,0.8318,0.1196,0.7275,0.193
LightGBM,PR,0.8288,0.1202,0.7275,0.193
LightGBM,PR,0.8251,0.1208,0.7275,0.193
LightGBM,PR,0.8174,0.1221,0.7275,0.193
LightGBM,PR,0.8149,0.1223,0.7275,0.193
LightGBM,PR,0.8085,0.1235,0.7275,0.193
LightGBM,PR,0.8052,0.1242,0.7275,0.193
LightGBM,PR,0.8012,0.1252,0.7275,0.193
LightGBM,PR,0.7986,0.1256,0.7275,0.193
LightGBM,PR,0.7942,0.1267,0.7275,0.193
LightGBM,PR,0.7865,0.1281,0.7275,0.193
LightGBM,PR,0.7827,0.1288,0.7275,0.193
LightGBM,PR,0.7801,0.1295,0.7275,0.193
LightGBM,PR,0.7779,0.13,0.7275,0.193
LightGBM,PR,0.7717,0.131,0.7275,0.193
LightGBM,PR,0.7689,0.1315,0.7275,0.193
LightGBM,PR,0.7646,0.1323,0.7275,0.193
LightGBM,PR,0.7581,0.1338,0.7275,0.193
LightGBM,PR,0.757,0.1341,0.7275,0.193
LightGBM,PR,0.7552,0.1345,0.7275,0.193
LightGBM,PR,0.7519,0.1355,0.7275,0.193
LightGBM,PR,0.7498,0.1361,0.7275,0.193
LightGBM,PR,0.7465,0.1368,0.7275,0.193
LightGBM,PR,0.7435,0.1371,0.7275,0.193
LightGBM,PR,0.7422,0.1373,0.7275,0.193
LightGBM,PR,0.737,0.1384,0.7275,0.193
LightGBM,PR,0.7322,0.1392,0.7275,0.193
LightGBM,PR,0.7279,0.14,0.7275,0.193
LightGBM,PR,0.7225,0.141,0.7275,0.193
LightGBM,PR,0.7209,0.1415,0.7275,0.193
LightGBM,PR,0.7192,0.1417,0.7275,0.193
LightGBM,PR,0.7181,0.1418,0.7275,0.193
LightGBM,PR,0.715,0.1425,0.7275,0.193
LightGBM,PR,0.7131,0.1427,0.7275,0.193
LightGBM,PR,0.7062,0.1436,0.7275,0.193
LightGBM,PR,0.7027,0.1441,0.7275,0.193
LightGBM,PR,0.7012,0.1445,0.7275,0.193
LightGBM,PR,0.6966,0.1451,0.7275,0.193
LightGBM,PR,0.6918,0.146,0.7275,0.193
LightGBM,PR,0.6885,0.1463,0.7275,0.193
LightGBM,PR,0.6838,0.1469,0.7275,0.193
LightGBM,PR,0.6825,0.1473,0.7275,0.193
LightGBM,PR,0.6776,0.1486,0.7275,0.193
LightGBM,PR,0.6722,0.1498,0.7275,0.193
LightGBM,PR,0.6676,0.1506,0.7275,0.193
LightGBM,PR,0.6627,0.1517,0.7275,0.193
LightGBM,PR,0.6576,0.1522,0.7275,0.193
LightGBM,PR,0.6499,0.1535,0.7275,0.193
LightGBM,PR,0.6444,0.1547,0.7275,0.193
LightGBM,PR,0.6408,0.1557,0.7275,0.193
LightGBM,PR,0.6339,0.1569,0.7275,0.193
LightGBM,PR,0.6236,0.1585,0.7275,0.193
LightGBM,PR,0.6208,0.159,0.7275,0.193
LightGBM,PR,0.6081,0.1606,0.7275,0.193
LightGBM,PR,0.6031,0.1621,0.7275,0.193
LightGBM,PR,0.5987,0.1631,0.7275,0.193
LightGBM,PR,0.5904,0.165,0.7275,0.193
LightGBM,PR,0.585,0.1671,0.7275,0.193
LightGBM,PR,0.581,0.168,0.7275,0.193
LightGBM,PR,0.573,0.1696,0.7275,0.193
LightGBM,PR,0.5702,0.1704,0.7275,0.193
LightGBM,PR,0.5691,0.1706,0.7275,0.193
LightGBM,PR,0.5684,0.171,0.7275,0.193
LightGBM,PR,0.564,0.1718,0.7275,0.193
LightGBM,PR,0.5635,0.172,0.7275,0.193
LightGBM,PR,0.5575,0.1727,0.7275,0.193
LightGBM,PR,0.5466,0.1747,0.7275,0.193
LightGBM,PR,0.5341,0.1767,0.7275,0.193
LightGBM,PR,0.5331,0.1768,0.7275,0.193
LightGBM,PR,0.5279,0.1778,0.7275,0.193
LightGBM,PR,0.5185,0.18,0.7275,0.193
LightGBM,PR,0.5087,0.1816,0.7275,0.193
LightGBM,PR,0.503,0.1829,0.7275,0.193
LightGBM,PR,0.4926,0.1847,0.7275,0.193
LightGBM,PR,0.4872,0.1861,0.7275,0.193
LightGBM,PR,0.4801,0.1874,0.7275,0.193
LightGBM,PR,0.4727,0.189,0.7275,0.193
LightGBM,PR,0.4668,0.1899,0.7275,0.193
LightGBM,PR,0.4444,0.1952,0.7275,0.193
LightGBM,PR,0.4393,0.1969,0.7275,0.193
LightGBM,PR,0.4305,0.1992,0.7275,0.193
LightGBM,PR,0.423,0.2013,0.7275,0.193
LightGBM,PR,0.4134,0.2043,0.7275,0.193
LightGBM,PR,0.4043,0.2064,0.7275,0.193
LightGBM,PR,0.3967,0.2086,0.7275,0.193
LightGBM,PR,0.3909,0.2099,0.7275,0.193
LightGBM,PR,0.3868,0.2115,0.7275,0.193
LightGBM,PR,0.3794,0.2147,0.7275,0.193
LightGBM,PR,0.3718,0.2171,0.7275,0.193
LightGBM,PR,0.3598,0.2219,0.7275,0.193
LightGBM,PR,0.3568,0.2234,0.7275,0.193
LightGBM,PR,0.3555,0.2238,0.7275,0.193
LightGBM,PR,0.3479,0.2265,0.7275,0.193
LightGBM,PR,0.3345,0.2293,0.7275,0.193
LightGBM,PR,0.3263,0.2322,0.7275,0.193
LightGBM,PR,0.3151,0.2353,0.7275,0.193
LightGBM,PR,0.3035,0.2388,0.7275,0.193
LightGBM,PR,0.2936,0.2411,0.7275,0.193
LightGBM,PR,0.279,0.243,0.7275,0.193
LightGBM,PR,0.2673,0.246,0.7275,0.193
LightGBM,PR,0.2555,0.2494,0.7275,0.193
LightGBM,PR,0.2445,0.2511,0.7275,0.193
LightGBM,PR,0.2343,0.2534,0.7275,0.193
LightGBM,PR,0.2097,0.2582,0.7275,0.193
LightGBM,PR,0.1841,0.2665,0.7275,0.193
LightGBM,PR,0.1597,0.2795,0.7275,0.193
LightGBM,PR,0.1372,0.2937,0.7275,0.193
LightGBM,PR,0.1107,0.3124,0.7275,0.193
LightGBM,PR,0.0874,0.3105,0.7275,0.193
LightGBM,PR,0.0644,0.3087,0.7275,0.193
LightGBM,PR,0.0412,0.3097,0.7275,0.193
LightGBM,PR,0.0191,0.3319,0.7275,0.193
LightGBM,PR,0.0,1.0,0.7275,0.193
XGBoost,ROC,0.0,0.0,0.7887,0.2815
XGBoost,ROC,0.0013,0.0222,0.7887,0.2815
XGBoost,ROC,0.0028,0.0414,0.7887,0.2815
XGBoost,ROC,0.0044,0.0574,0.7887,0.2815
XGBoost,ROC,0.0061,0.0743,0.7887,0.2815
XGBoost,ROC,0.0082,0.0896,0.7887,0.2815
XGBoost,ROC,0.0102,0.1038,0.7887,0.2815
XGBoost,ROC,0.0123,0.1184,0.7887,0.2815
XGBoost,ROC,0.0144,0.1331,0.7887,0.2815
XGBoost,ROC,0.0168,0.1472,0.7887,0.2815
XGBoost,ROC,0.019,0.1599,0.7887,0.2815
XGBoost,ROC,0.0214,0.1728,0.7887,0.2815
XGBoost,ROC,0.024,0.1854,0.7887,0.2815
XGBoost,ROC,0.0264,0.1975,0.7887,0.2815
XGBoost,ROC,0.0291,0.2097,0.7887,0.2815
XGBoost,ROC,0.0316,0.2218,0.7887,0.2815
XGBoost,ROC,0.0342,0.2338,0.7887,0.2815
XGBoost,ROC,0.0371,0.2462,0.7887,0.2815
XGBoost,ROC,0.0403,0.2582,0.7887,0.2815
XGBoost,ROC,0.0433,0.2702,0.7887,0.2815
XGBoost,ROC,0.0462,0.2812,0.7887,0.2815
XGBoost,ROC,0.0493,0.2927,0.7887,0.2815
XGBoost,ROC,0.0525,0.3044,0.7887,0.2815
XGBoost,ROC,0.0557,0.3155,0.7887,0.2815
XGBoost,ROC,0.0594,0.3261,0.7887,0.2815
XGBoost,ROC,0.063,0.3373,0.7887,0.2815
XGBoost,ROC,0.0666,0.3486,0.7887,0.2815
XGBoost,ROC,0.0701,0.3597,0.7887,0.2815
XGBoost,ROC,0.0738,0.3706,0.7887,0.2815
XGBoost,ROC,0.0777,0.3808,0.7887,0.2815
XGBoost,ROC,0.0816,0.3916,0.7887,0.2815
XGBoost,ROC,0.0856,0.4019,0.7887,0.2815
XGBoost,ROC,0.0901,0.4126,0.7887,0.2815
XGBoost,ROC,0.0943,0.4233,0.7887,0.2815
XGBoost,ROC,0.099,0.4337,0.7887,0.2815
XGBoost,ROC,0.1033,0.4437,0.7887,0.2815
XGBoost,ROC,0.1072,0.454,0.7887,0.2815
XGBoost,ROC,0.1122,0.4646,0.7887,0.2815
XGBoost,ROC,0.1171,0.4744,0.7887,0.2815
XGBoost,ROC,0.1217,0.4837,0.7887,0.2815
XGBoost,ROC,0.1262,0.4939,0.7887,0.2815
XGBoost,ROC,0.1311,0.5037,0.7887,0.2815
XGBoost,ROC,0.1362,0.5134,0.7887,0.2815
XGBoost,ROC,0.1411,0.5234,0.7887,0.2815
XGBoost,ROC,0.1468,0.5337,0.7887,0.2815
XGBoost,ROC,0.1525,0.5436,0.7887,0.2815
XGBoost,ROC,0.1579,0.5536,0.7887,0.2815
XGBoost,ROC,0.1634,0.5631,0.7887,0.2815
XGBoost,ROC,0.169,0.5731,0.7887,0.2815
XGBoost,ROC,0.1745,0.5828,0.7887,0.2815
XGBoost,ROC,0.1808,0.5924,0.7887,0.2815
XGBoost,ROC,0.1873,0.6018,0.7887,0.2815
XGBoost,ROC,0.1936,0.6113,0.7887,0.2815
XGBoost,ROC,0.1997,0.6204,0.7887,0.2815
XGBoost,ROC,0.2066,0.6298,0.7887,0.2815
XGBoost,ROC,0.2131,0.6392,0.7887,0.2815
XGBoost,ROC,0.2201,0.648,0.7887,0.2815
XGBoost,ROC,0.228,0.6571,0.7887,0.2815
XGBoost,ROC,0.2354,0.6664,0.7887,0.2815
XGBoost,ROC,0.2429,0.6756,0.7887,0.2815
XGBoost,ROC,0.2505,0.6842,0.7887,0.2815
XGBoost,ROC,0.2588,0.6931,0.7887,0.2815
XGBoost,ROC,0.2668,0.7022,0.7887,0.2815
XGBoost,ROC,0.2745,0.7111,0.7887,0.2815
XGBoost,ROC,0.2821,0.7196,0.7887,0.2815
XGBoost,ROC,0.2911,0.7285,0.7887,0.2815
XGBoost,ROC,0.2999,0.737,0.7887,0.2815
XGBoost,ROC,0.3096,0.7456,0.7887,0.2815
XGBoost,ROC,0.3201,0.7542,0.7887,0.2815
XGBoost,ROC,0.3296,0.7628,0.7887,0.2815
XGBoost,ROC,0.3405,0.7713,0.7887,0.2815
XGBoost,ROC,0.3516,0.7794,0.7887,0.2815
XGBoost,ROC,0.3623,0.7877,0.7887,0.2815
XGBoost,ROC,0.3734,0.7962,0.7887,0.2815
XGBoost,ROC,0.3845,0.8046,0.7887,0.2815
XGBoost,ROC,0.3969,0.8128,0.7887,0.2815
XGBoost,ROC,0.4105,0.821,0.7887,0.2815
XGBoost,ROC,0.4228,0.8299,0.7887,0.2815
XGBoost,ROC,0.4348,0.8382,0.7887,0.2815
XGBoost,ROC,0.4489,0.8464,0.7887,0.2815
XGBoost,ROC,0.464,0.8543,0.7887,0.2815
XGBoost,ROC,0.4773,0.862,0.7887,0.2815
XGBoost,ROC,0.4933,0.8697,0.7887,0.2815
XGBoost,ROC,0.5095,0.8775,0.7887,0.2815
XGBoost,ROC,0.5257,0.8856,0.7887,0.2815
XGBoost,ROC,0.5417,0.8937,0.7887,0.2815
XGBoost,ROC,0.5622,0.9011,0.7887,0.2815
XGBoost,ROC,0.5813,0.9086,0.7887,0.2815
XGBoost,ROC,0.6002,0.916,0.7887,0.2815
XGBoost,ROC,0.6205,0.9229,0.7887,0.2815
XGBoost,ROC,0.6398,0.9301,0.7887,0.2815
XGBoost,ROC,0.6619,0.937,0.7887,0.2815
XGBoost,ROC,0.6843,0.9442,0.7887,0.2815
XGBoost,ROC,0.7092,0.9517,0.7887,0.2815
XGBoost,ROC,0.7353,0.9589,0.7887,0.2815
XGBoost,ROC,0.7663,0.9662,0.7887,0.2815
XGBoost,ROC,0.7952,0.9729,0.7887,0.2815
XGBoost,ROC,0.8318,0.9793,0.7887,0.2815
XGBoost,ROC,0.8669,0.986,0.7887,0.2815
XGBoost,ROC,0.9102,0.9922,0.7887,0.2815
XGBoost,ROC,0.9774,0.999,0.7887,0.2815
XGBoost,PR,1.0,0.0807,0.7887,0.2815
XGBoost,PR,0.9996,0.0815,0.7887,0.2815
XGBoost,PR,0.9991,0.0823,0.7887,0.2815
XGBoost,PR,0.9982,0.0831,0.7887,0.2815
XGBoost,PR,0.9975,0.0839,0.7887,0.2815
XGBoost,PR,0.9962,0.0846,0.7887,0.2815
XGBoost,PR,0.9951,0.0854,0.7887,0.2815
XGBoost,PR,0.9939,0.0862,0.7887,0.2815
XGBoost,PR,0.9929,0.0871,0.7887,0.2815
XGBoost,PR,0.991,0.0879,0.7887,0.2815
XGBoost,PR,0.9897,0.0887,0.7887,0.2815
XGBoost,PR,0.9884,0.0896,0.7887,0.2815
XGBoost,PR,0.9866,0.0905,0.7887,0.2815
XGBoost,PR,0.9848,0.0913,0.7887,0.2815
XGBoost,PR,0.983,0.0922,0.7887,0.2815
XGBoost,PR,0.9807,0.0931,0.7887,0.2815
XGBoost,PR,0.9786,0.094,0.7887,0.2815
XGBoost,PR,0.977,0.095,0.7887,0.2815
XGBoost,PR,0.9752,0.0959,0.7887,0.2815
XGBoost,PR,0.9733,0.0969,0.7887,0.2815
XGBoost,PR,0.9706,0.0979,0.7887,0.2815
XGBoost,PR,0.9684,0.0989,0.7887,0.2815
XGBoost,PR,0.9658,0.0999,0.7887,0.2815
XGBoost,PR,0.963,0.1009,0.7887,0.2815
XGBoost,PR,0.9605,0.1019,0.7887,0.2815
XGBoost,PR,0.9581,0.103,0.7887,0.2815
XGBoost,PR,0.9561,0.1042,0.7887,0.2815
XGBoost,PR,0.9524,0.1052,0.7887,0.2815
XGBoost,PR,0.9489,0.1063,0.7887,0.2815
XGBoost,PR,0.9458,0.1074,0.7887,0.2815
XGBoost,PR,0.9432,0.1087,0.7887,0.2815
XGBoost,PR,0.9396,0.1098,0.7887,0.2815
XGBoost,PR,0.936,0.111,0.7887,0.2815
XGBoost,PR,0.9325,0.1122,0.7887,0.2815
XGBoost,PR,0.929,0.1135,0.7887,0.2815
XGBoost,PR,0.9251,0.1148,0.7887,0.2815
XGBoost,PR,0.9213,0.1161,0.7887,0.2815
XGBoost,PR,0.9178,0.1175,0.7887,0.2815
XGBoost,PR,0.9136,0.1189,0.7887,0.2815
XGBoost,PR,0.9099,0.1203,0.7887,0.2815
XGBoost,PR,0.9057,0.1217,0.7887,0.2815
XGBoost,PR,0.9015,0.1232,0.7887,0.2815
XGBoost,PR,0.8977,0.1248,0.7887,0.2815
XGBoost,PR,0.8938,0.1265,0.7887,0.2815
XGBoost,PR,0.8886,0.128,0.7887,0.2815
XGBoost,PR,0.8831,0.1295,0.7887,0.2815
XGBoost,PR,0.878,0.1311,0.7887,0.2815
XGBoost,PR,0.8732,0.1329,0.7887,0.2815
XGBoost,PR,0.868,0.1346,0.7887,0.2815
XGBoost,PR,0.8629,0.1365,0.7887,0.2815
XGBoost,PR,0.8574,0.1383,0.7887,0.2815
XGBoost,PR,0.8513,0.1401,0.7887,0.2815
XGBoost,PR,0.8461,0.1422,0.7887,0.2815
XGBoost,PR,0.84,0.1441,0.7887,0.2815
XGBoost,PR,0.833,0.146,0.7887,0.2815
XGBoost,PR,0.826,0.148,0.7887,0.2815
XGBoost,PR,0.819,0.1501,0.7887,0.2815
XGBoost,PR,0.8127,0.1524,0.7887,0.2815
XGBoost,PR,0.8059,0.1547,0.7887,0.2815
XGBoost,PR,0.7988,0.1571,0.7887,0.2815
XGBoost,PR,0.7909,0.1595,0.7887,0.2815
XGBoost,PR,0.7832,0.1619,0.7887,0.2815
XGBoost,PR,0.7756,0.1646,0.7887,0.2815
XGBoost,PR,0.7673,0.1673,0.7887,0.2815
XGBoost,PR,0.7586,0.17,0.7887,0.2815
XGBoost,PR,0.7505,0.173,0.7887,0.2815
XGBoost,PR,0.7414,0.1759,0.7887,0.2815
XGBoost,PR,0.7321,0.179,0.7887,0.2815
XGBoost,PR,0.7222,0.1821,0.7887,0.2815
XGBoost,PR,0.7117,0.1852,0.7887,0.2815
XGBoost,PR,0.7004,0.1884,0.7887,0.2815
XGBoost,PR,0.6889,0.1917,0.7887,0.2815
XGBoost,PR,0.6779,0.1954,0.7887,0.2815
XGBoost,PR,0.6663,0.1992,0.7887,0.2815
XGBoost,PR,0.6541,0.2031,0.7887,0.2815
XGBoost,PR,0.6423,0.2074,0.7887,0.2815
XGBoost,PR,0.6287,0.2115,0.7887,0.2815
XGBoost,PR,0.6151,0.216,0.7887,0.2815
XGBoost,PR,0.6008,0.2205,0.7887,0.2815
XGBoost,PR,0.5865,0.2256,0.7887,0.2815
XGBoost,PR,0.57,0.2302,0.7887,0.2815
XGBoost,PR,0.5538,0.2354,0.7887,0.2815
XGBoost,PR,0.5366,0.2408,0.7887,0.2815
XGBoost,PR,0.5194,0.2467,0.7887,0.2815
XGBoost,PR,0.5014,0.2531,0.7887,0.2815
XGBoost,PR,0.4819,0.2595,0.7887,0.2815
XGBoost,PR,0.4635,0.2675,0.7887,0.2815
XGBoost,PR,0.4417,0.2746,0.7887,0.2815
XGBoost,PR,0.4211,0.2836,0.7887,0.2815
XGBoost,PR,0.3987,0.2929,0.7887,0.2815
XGBoost,PR,0.3758,0.3038,0.7887,0.2815
XGBoost,PR,0.35,0.3145,0.7887,0.2815
XGBoost,PR,0.3233,0.3268,0.7887,0.2815
XGBoost,PR,0.2953,0.3413,0.7887,0.2815
XGBoost,PR,0.2646,0.3568,0.7887,0.2815
XGBoost,PR,0.2319,0.3753,0.7887,0.2815
XGBoost,PR,0.1961,0.3971,0.7887,0.2815
XGBoost,PR,0.158,0.4269,0.7887,0.2815
XGBoost,PR,0.114,0.4621,0.7887,0.2815
XGBoost,PR,0.0653,0.5303,0.7887,0.2815
XGBoost,PR,0.0,1.0,0.7887,0.2815
LogReg,ROC,0.0,0.0,0.7494,0.2248
LogReg,ROC,0.0017,0.0175,0.7494,0.2248
LogReg,ROC,0.0037,0.033,0.7494,0.2248
LogReg,ROC,0.0059,0.0474,0.7494,0.2248
LogReg,ROC,0.008,0.0615,0.7494,0.2248
LogReg,ROC,0.0102,0.0756,0.7494,0.2248
LogReg,ROC,0.0127,0.0893,0.7494,0.2248
LogReg,ROC,0.0153,0.1027,0.7494,0.2248
LogReg,ROC,0.0182,0.1157,0.7494,0.2248
LogReg,ROC,0.0211,0.129,0.7494,0.2248
LogReg,ROC,0.0242,0.1419,0.7494,0.2248
LogReg,ROC,0.0272,0.1547,0.7494,0.2248
LogReg,ROC,0.03,0.1671,0.7494,0.2248
LogReg,ROC,0.0331,0.1792,0.7494,0.2248
LogReg,ROC,0.0363,0.1907,0.7494,0.2248
LogReg,ROC,0.0397,0.2027,0.7494,0.2248
LogReg,ROC,0.0438,0.2145,0.7494,0.2248
LogReg,ROC,0.0473,0.2261,0.7494,0.2248
LogReg,ROC,0.0509,0.2381,0.7494,0.2248
LogReg,ROC,0.0549,0.25,0.7494,0.2248
LogReg,ROC,0.0585,0.2617,0.7494,0.2248
LogReg,ROC,0.0623,0.2727,0.7494,0.2248
LogReg,ROC,0.0665,0.2847,0.7494,0.2248
LogReg,ROC,0.0702,0.2956,0.7494,0.2248
LogReg,ROC,0.0745,0.3069,0.7494,0.2248
LogReg,ROC,0.0793,0.3176,0.7494,0.2248
LogReg,ROC,0.0837,0.3284,0.7494,0.2248
LogReg,ROC,0.0882,0.3393,0.7494,0.2248
LogReg,ROC,0.0925,0.3498,0.7494,0.2248
LogReg,ROC,0.0972,0.3603,0.7494,0.2248
LogReg,ROC,0.102,0.3709,0.7494,0.2248
LogReg,ROC,0.107,0.3809,0.7494,0.2248
LogReg,ROC,0.1124,0.3913,0.7494,0.2248
LogReg,ROC,0.1176,0.4019,0.7494,0.2248
LogReg,ROC,0.1227,0.4121,0.7494,0.2248
LogReg,ROC,0.1281,0.4225,0.7494,0.2248
LogReg,ROC,0.1335,0.432,0.7494,0.2248
LogReg,ROC,0.1389,0.4419,0.7494,0.2248
LogReg,ROC,0.1439,0.4517,0.7494,0.2248
LogReg,ROC,0.1494,0.4618,0.7494,0.2248
LogReg,ROC,0.1549,0.4716,0.7494,0.2248
LogReg,ROC,0.1606,0.4817,0.7494,0.2248
LogReg,ROC,0.1658,0.4923,0.7494,0.2248
LogReg,ROC,0.1714,0.502,0.7494,0.2248
LogReg,ROC,0.1775,0.5118,0.7494,0.2248
LogReg,ROC,0.1834,0.5218,0.7494,0.2248
LogReg,ROC,0.1896,0.5315,0.7494,0.2248
LogReg,ROC,0.1973,0.5411,0.7494,0.2248
LogReg,ROC,0.2041,0.551,0.7494,0.2248
LogReg,ROC,0.211,0.5602,0.7494,0.2248
LogReg,ROC,0.2185,0.5697,0.7494,0.2248
LogReg,ROC,0.2249,0.5793,0.7494,0.2248
LogReg,ROC,0.2313,0.5888,0.7494,0.2248
LogReg,ROC,0.2385,0.5977,0.7494,0.2248
LogReg,ROC,0.2463,0.607,0.7494,0.2248
LogReg,ROC,0.2533,0.616,0.7494,0.2248
LogReg,ROC,0.2608,0.625,0.7494,0.2248
LogReg,ROC,0.2681,0.6344,0.7494,0.2248
LogReg,ROC,0.2761,0.644,0.7494,0.2248
LogReg,ROC,0.2844,0.6528,0.7494,0.2248
LogReg,ROC,0.2921,0.6618,0.7494,0.2248
LogReg,ROC,0.301,0.6707,0.7494,0.2248
LogReg,ROC,0.3096,0.6794,0.7494,0.2248
LogReg,ROC,0.3192,0.6883,0.7494,0.2248
LogReg,ROC,0.3283,0.6974,0.7494,0.2248
LogReg,ROC,0.3371,0.707,0.7494,0.2248
LogReg,ROC,0.3474,0.7158,0.7494,0.2248
LogReg,ROC,0.3581,0.725,0.7494,0.2248
LogReg,ROC,0.3676,0.7337,0.7494,0.2248
LogReg,ROC,0.379,0.7429,0.7494,0.2248
LogReg,ROC,0.389,0.7515,0.7494,0.2248
LogReg,ROC,0.4016,0.7605,0.7494,0.2248
LogReg,ROC,0.4129,0.7695,0.7494,0.2248
LogReg,ROC,0.4241,0.7781,0.7494,0.2248
LogReg,ROC,0.4355,0.7871,0.7494,0.2248
LogReg,ROC,0.4482,0.7962,0.7494,0.2248
LogReg,ROC,0.4606,0.8052,0.7494,0.2248
LogReg,ROC,0.4726,0.8133,0.7494,0.2248
LogReg,ROC,0.4838,0.8218,0.7494,0.2248
LogReg,ROC,0.4963,0.8306,0.7494,0.2248
LogReg,ROC,0.5089,0.839,0.7494,0.2248
LogReg,ROC,0.5234,0.8474,0.7494,0.2248
LogReg,ROC,0.5371,0.8557,0.7494,0.2248
LogReg,ROC,0.5499,0.864,0.7494,0.2248
LogReg,ROC,0.5654,0.8723,0.7494,0.2248
LogReg,ROC,0.5812,0.8802,0.7494,0.2248
LogReg,ROC,0.5974,0.8883,0.7494,0.2248
LogReg,ROC,0.6155,0.8966,0.7494,0.2248
LogReg,ROC,0.6334,0.9044,0.7494,0.2248
LogReg,ROC,0.6522,0.9126,0.7494,0.2248
LogReg,ROC,0.6728,0.92,0.7494,0.2248
LogReg,ROC,0.692,0.9276,0.7494,0.2248
LogReg,ROC,0.716,0.9352,0.7494,0.2248
LogReg,ROC,0.7387,0.9423,0.7494,0.2248
LogReg,ROC,0.763,0.9497,0.7494,0.2248
LogReg,ROC,0.7902,0.9579,0.7494,0.2248
LogReg,ROC,0.8184,0.9662,0.7494,0.2248
LogReg,ROC,0.8484,0.9743,0.7494,0.2248
LogReg,ROC,0.8841,0.9823,0.7494,0.2248
LogReg,ROC,0.929,0.9907,0.7494,0.2248
LogReg,ROC,0.9904,0.999,0.7494,0.2248
LogReg,PR,1.0,0.0807,0.7494,0.2248
LogReg,PR,0.9989,0.0814,0.7494,0.2248
LogReg,PR,0.9977,0.0822,0.7494,0.2248
LogReg,PR,0.9963,0.0829,0.7494,0.2248
LogReg,PR,0.9947,0.0836,0.7494,0.2248
LogReg,PR,0.9936,0.0844,0.7494,0.2248
LogReg,PR,0.9919,0.0851,0.7494,0.2248
LogReg,PR,0.9903,0.0859,0.7494,0.2248
LogReg,PR,0.9882,0.0867,0.7494,0.2248
LogReg,PR,0.9862,0.0874,0.7494,0.2248
LogReg,PR,0.9843,0.0882,0.7494,0.2248
LogReg,PR,0.9819,0.089,0.7494,0.2248
LogReg,PR,0.9793,0.0898,0.7494,0.2248
LogReg,PR,0.9771,0.0906,0.7494,0.2248
LogReg,PR,0.975,0.0914,0.7494,0.2248
LogReg,PR,0.972,0.0922,0.7494,0.2248
LogReg,PR,0.9691,0.093,0.7494,0.2248
LogReg,PR,0.9662,0.0939,0.7494,0.2248
LogReg,PR,0.9634,0.0947,0.7494,0.2248
LogReg,PR,0.9607,0.0956,0.7494,0.2248
LogReg,PR,0.9574,0.0965,0.7494,0.2248
LogReg,PR,0.9538,0.0973,0.7494,0.2248
LogReg,PR,0.9508,0.0983,0.7494,0.2248
LogReg,PR,0.9474,0.0992,0.7494,0.2248
LogReg,PR,0.944,0.1001,0.7494,0.2248
LogReg,PR,0.9411,0.1011,0.7494,0.2248
LogReg,PR,0.9376,0.1021,0.7494,0.2248
LogReg,PR,0.934,0.1031,0.7494,0.2248
LogReg,PR,0.9309,0.1042,0.7494,0.2248
LogReg,PR,0.9276,0.1053,0.7494,0.2248
LogReg,PR,0.9235,0.1063,0.7494,0.2248
LogReg,PR,0.9195,0.1074,0.7494,0.2248
LogReg,PR,0.9154,0.1085,0.7494,0.2248
LogReg,PR,0.9117,0.1097,0.7494,0.2248
LogReg,PR,0.9071,0.1108,0.7494,0.2248
LogReg,PR,0.9028,0.1119,0.7494,0.2248
LogReg,PR,0.8978,0.1131,0.7494,0.2248
LogReg,PR,0.8933,0.1143,0.7494,0.2248
LogReg,PR,0.8885,0.1155,0.7494,0.2248
LogReg,PR,0.8837,0.1167,0.7494,0.2248
LogReg,PR,0.8783,0.1179,0.7494,0.2248
LogReg,PR,0.8729,0.1192,0.7494,0.2248
LogReg,PR,0.8679,0.1206,0.7494,0.2248
LogReg,PR,0.8616,0.1218,0.7494,0.2248
LogReg,PR,0.8546,0.123,0.7494,0.2248
LogReg,PR,0.8481,0.1242,0.7494,0.2248
LogReg,PR,0.8427,0.1257,0.7494,0.2248
LogReg,PR,0.836,0.1271,0.7494,0.2248
LogReg,PR,0.8291,0.1285,0.7494,0.2248
LogReg,PR,0.8218,0.1298,0.7494,0.2248
LogReg,PR,0.814,0.1312,0.7494,0.2248
LogReg,PR,0.8071,0.1327,0.7494,0.2248
LogReg,PR,0.7996,0.1342,0.7494,0.2248
LogReg,PR,0.7931,0.1359,0.7494,0.2248
LogReg,PR,0.7849,0.1374,0.7494,0.2248
LogReg,PR,0.7769,0.1391,0.7494,0.2248
LogReg,PR,0.769,0.1408,0.7494,0.2248
LogReg,PR,0.7609,0.1425,0.7494,0.2248
LogReg,PR,0.754,0.1446,0.7494,0.2248
LogReg,PR,0.7449,0.1463,0.7494,0.2248
LogReg,PR,0.7368,0.1483,0.7494,0.2248
LogReg,PR,0.7281,0.1503,0.7494,0.2248
LogReg,PR,0.7193,0.1524,0.7494,0.2248
LogReg,PR,0.7104,0.1546,0.7494,0.2248
LogReg,PR,0.7004,0.1566,0.7494,0.2248
LogReg,PR,0.6908,0.1589,0.7494,0.2248
LogReg,PR,0.681,0.1613,0.7494,0.2248
LogReg,PR,0.6708,0.1637,0.7494,0.2248
LogReg,PR,0.6605,0.1662,0.7494,0.2248
LogReg,PR,0.649,0.1686,0.7494,0.2248
LogReg,PR,0.6379,0.1713,0.7494,0.2248
LogReg,PR,0.6255,0.1737,0.7494,0.2248
LogReg,PR,0.6133,0.1765,0.7494,0.2248
LogReg,PR,0.6016,0.1795,0.7494,0.2248
LogReg,PR,0.5892,0.1826,0.7494,0.2248
LogReg,PR,0.5747,0.1853,0.7494,0.2248
LogReg,PR,0.5619,0.1887,0.7494,0.2248
LogReg,PR,0.5484,0.1922,0.7494,0.2248
LogReg,PR,0.5352,0.1961,0.7494,0.2248
LogReg,PR,0.521,0.2,0.7494,0.2248
LogReg,PR,0.5051,0.2036,0.7494,0.2248
LogReg,PR,0.4882,0.2072,0.7494,0.2248
LogReg,PR,0.4711,0.2111,0.7494,0.2248
LogReg,PR,0.4545,0.2157,0.7494,0.2248
LogReg,PR,0.4362,0.22,0.7494,0.2248
LogReg,PR,0.4192,0.2255,0.7494,0.2248
LogReg,PR,0.4008,0.231,0.7494,0.2248
LogReg,PR,0.3826,0.2375,0.7494,0.2248
LogReg,PR,0.3633,0.2443,0.7494,0.2248
LogReg,PR,0.3429,0.2516,0.7494,0.2248
LogReg,PR,0.3209,0.259,0.7494,0.2248
LogReg,PR,0.2992,0.2683,0.7494,0.2248
LogReg,PR,0.2745,0.277,0.7494,0.2248
LogReg,PR,0.2486,0.2865,0.7494,0.2248
LogReg,PR,0.2214,0.2976,0.7494,0.2248
LogReg,PR,0.1946,0.3136,0.7494,0.2248
LogReg,PR,0.1636,0.3291,0.7494,0.2248
LogReg,PR,0.1302,0.3485,0.7494,0.2248
LogReg,PR,0.0942,0.377,0.7494,0.2248
LogReg,PR,0.0518,0.4094,0.7494,0.2248
LogReg,PR,0.0019,0.561,0.7494,0.2248
Ensemble,ROC,0.0,0.0,0.7874,0.2791
Ensemble,ROC,0.0013,0.0226,0.7874,0.2791
Ensemble,ROC,0.0028,0.0412,0.7874,0.2791
Ensemble,ROC,0.0044,0.0581,0.7874,0.2791
Ensemble,ROC,0.0063,0.073,0.7874,0.2791
Ensemble,ROC,0.0082,0.0885,0.7874,0.2791
Ensemble,ROC,0.0102,0.1036,0.7874,0.2791
Ensemble,ROC,0.0122,0.1179,0.7874,0.2791
Ensemble,ROC,0.0144,0.1316,0.7874,0.2791
Ensemble,ROC,0.0164,0.1457,0.7874,0.2791
Ensemble,ROC,0.0186,0.1583,0.7874,0.2791
Ensemble,ROC,0.021,0.1715,0.7874,0.2791
Ensemble,ROC,0.0236,0.1839,0.7874,0.2791
Ensemble,ROC,0.0262,0.1958,0.7874,0.2791
Ensemble,ROC,0.0288,0.2082,0.7874,0.2791
Ensemble,ROC,0.0317,0.2205,0.7874,0.2791
Ensemble,ROC,0.0349,0.2333,0.7874,0.2791
Ensemble,ROC,0.0382,0.2463,0.7874,0.2791
Ensemble,ROC,0.0412,0.2577,0.7874,0.2791
Ensemble,ROC,0.0443,0.27,0.7874,0.2791
Ensemble,ROC,0.0474,0.2816,0.7874,0.2791
Ensemble,ROC,0.0505,0.2933,0.7874,0.2791
Ensemble,ROC,0.0539,0.3045,0.7874,0.2791
Ensemble,ROC,0.0572,0.3163,0.7874,0.2791
Ensemble,ROC,0.0605,0.3285,0.7874,0.2791
Ensemble,ROC,0.0642,0.3387,0.7874,0.2791
Ensemble,ROC,0.0677,0.3498,0.7874,0.2791
Ensemble,ROC,0.0715,0.3603,0.7874,0.2791
Ensemble,ROC,0.0755,0.3716,0.7874,0.2791
Ensemble,ROC,0.079,0.3827,0.7874,0.2791
Ensemble,ROC,0.0829,0.3931,0.7874,0.2791
Ensemble,ROC,0.0869,0.4039,0.7874,0.2791
Ensemble,ROC,0.0915,0.4139,0.7874,0.2791
Ensemble,ROC,0.0961,0.4242,0.7874,0.2791
Ensemble,ROC,0.1003,0.4345,0.7874,0.2791
Ensemble,ROC,0.1049,0.4449,0.7874,0.2791
Ensemble,ROC,0.1091,0.4549,0.7874,0.2791
Ensemble,ROC,0.1139,0.4652,0.7874,0.2791
Ensemble,ROC,0.1189,0.4751,0.7874,0.2791
Ensemble,ROC,0.1241,0.485,0.7874,0.2791
Ensemble,ROC,0.1289,0.4952,0.7874,0.2791
Ensemble,ROC,0.1343,0.5057,0.7874,0.2791
Ensemble,ROC,0.1394,0.5154,0.7874,0.2791
Ensemble,ROC,0.1447,0.5252,0.7874,0.2791
Ensemble,ROC,0.1502,0.5353,0.7874,0.2791
Ensemble,ROC,0.1558,0.5453,0.7874,0.2791
Ensemble,ROC,0.1608,0.5549,0.7874,0.2791
Ensemble,ROC,0.1665,0.5647,0.7874,0.2791
Ensemble,ROC,0.1721,0.5749,0.7874,0.2791
Ensemble,ROC,0.1777,0.5847,0.7874,0.2791
Ensemble,ROC,0.1844,0.5945,0.7874,0.2791
Ensemble,ROC,0.1901,0.6036,0.7874,0.2791
Ensemble,ROC,0.1965,0.6133,0.7874,0.2791
Ensemble,ROC,0.2038,0.623,0.7874,0.2791
Ensemble,ROC,0.2104,0.6323,0.7874,0.2791
Ensemble,ROC,0.2178,0.6419,0.7874,0.2791
Ensemble,ROC,0.2247,0.6509,0.7874,0.2791
Ensemble,ROC,0.2315,0.6601,0.7874,0.2791
Ensemble,ROC,0.2392,0.6692,0.7874,0.2791
Ensemble,ROC,0.2467,0.6779,0.7874,0.2791
Ensemble,ROC,0.2539,0.6866,0.7874,0.2791
Ensemble,ROC,0.2615,0.6952,0.7874,0.2791
Ensemble,ROC,0.27,0.7042,0.7874,0.2791
Ensemble,ROC,0.2781,0.713,0.7874,0.2791
Ensemble,ROC,0.2868,0.7217,0.7874,0.2791
Ensemble,ROC,0.2959,0.7303,0.7874,0.2791
Ensemble,ROC,0.306,0.739,0.7874,0.2791
Ensemble,ROC,0.3149,0.7476,0.7874,0.2791
Ensemble,ROC,0.325,0.756,0.7874,0.2791
Ensemble,ROC,0.334,0.7643,0.7874,0.2791
Ensemble,ROC,0.3448,0.7728,0.7874,0.2791
Ensemble,ROC,0.3556,0.7806,0.7874,0.2791
Ensemble,ROC,0.3656,0.7888,0.7874,0.2791
Ensemble,ROC,0.3759,0.7966,0.7874,0.2791
Ensemble,ROC,0.3882,0.8053,0.7874,0.2791
Ensemble,ROC,0.4,0.8135,0.7874,0.2791
Ensemble,ROC,0.4134,0.8222,0.7874,0.2791
Ensemble,ROC,0.4266,0.8309,0.7874,0.2791
Ensemble,ROC,0.439,0.8392,0.7874,0.2791
Ensemble,ROC,0.4536,0.8474,0.7874,0.2791
Ensemble,ROC,0.4675,0.8555,0.7874,0.2791
Ensemble,ROC,0.4821,0.8633,0.7874,0.2791
Ensemble,ROC,0.5,0.8711,0.7874,0.2791
Ensemble,ROC,0.5165,0.879,0.7874,0.2791
Ensemble,ROC,0.5329,0.887,0.7874,0.2791
Ensemble,ROC,0.5487,0.8948,0.7874,0.2791
Ensemble,ROC,0.5679,0.9028,0.7874,0.2791
Ensemble,ROC,0.5861,0.91,0.7874,0.2791
Ensemble,ROC,0.6055,0.9177,0.7874,0.2791
Ensemble,ROC,0.6267,0.925,0.7874,0.2791
Ensemble,ROC,0.6454,0.932,0.7874,0.2791
Ensemble,ROC,0.6696,0.9394,0.7874,0.2791
Ensemble,ROC,0.6908,0.9466,0.7874,0.2791
Ensemble,ROC,0.7189,0.9538,0.7874,0.2791
Ensemble,ROC,0.7447,0.961,0.7874,0.2791
Ensemble,ROC,0.7717,0.9668,0.7874,0.2791
Ensemble,ROC,0.7984,0.9728,0.7874,0.2791
Ensemble,ROC,0.8279,0.979,0.7874,0.2791
Ensemble,ROC,0.8699,0.9861,0.7874,0.2791
Ensemble,ROC,0.9162,0.9927,0.7874,0.2791
Ensemble,ROC,0.9961,0.9999,0.7874,0.2791
Ensemble,PR,1.0,0.0807,0.7874,0.2791
Ensemble,PR,0.9995,0.0815,0.7874,0.2791
Ensemble,PR,0.999,0.0823,0.7874,0.2791
Ensemble,PR,0.9981,0.083,0.7874,0.2791
Ensemble,PR,0.9973,0.0838,0.7874,0.2791
Ensemble,PR,0.9961,0.0846,0.7874,0.2791
Ensemble,PR,0.9948,0.0854,0.7874,0.2791
Ensemble,PR,0.9938,0.0862,0.7874,0.2791
Ensemble,PR,0.9922,0.087,0.7874,0.2791
Ensemble,PR,0.9911,0.0879,0.7874,0.2791
Ensemble,PR,0.9893,0.0887,0.7874,0.2791
Ensemble,PR,0.9877,0.0895,0.7874,0.2791
Ensemble,PR,0.9861,0.0904,0.7874,0.2791
Ensemble,PR,0.9845,0.0913,0.7874,0.2791
Ensemble,PR,0.9826,0.0922,0.7874,0.2791
Ensemble,PR,0.9811,0.0931,0.7874,0.2791
Ensemble,PR,0.9793,0.094,0.7874,0.2791
Ensemble,PR,0.9768,0.0949,0.7874,0.2791
Ensemble,PR,0.975,0.0959,0.7874,0.2791
Ensemble,PR,0.9722,0.0968,0.7874,0.2791
Ensemble,PR,0.9701,0.0978,0.7874,0.2791
Ensemble,PR,0.9677,0.0988,0.7874,0.2791
Ensemble,PR,0.9655,0.0999,0.7874,0.2791
Ensemble,PR,0.963,0.1009,0.7874,0.2791
Ensemble,PR,0.9604,0.1019,0.7874,0.2791
Ensemble,PR,0.9577,0.103,0.7874,0.2791
Ensemble,PR,0.9545,0.104,0.7874,0.2791
Ensemble,PR,0.9518,0.1052,0.7874,0.2791
Ensemble,PR,0.9492,0.1063,0.7874,0.2791
Ensemble,PR,0.9463,0.1075,0.7874,0.2791
Ensemble,PR,0.9426,0.1086,0.7874,0.2791
Ensemble,PR,0.9391,0.1098,0.7874,0.2791
Ensemble,PR,0.936,0.111,0.7874,0.2791
Ensemble,PR,0.9331,0.1123,0.7874,0.2791
Ensemble,PR,0.9286,0.1135,0.7874,0.2791
Ensemble,PR,0.925,0.1148,0.7874,0.2791
Ensemble,PR,0.9216,0.1161,0.7874,0.2791
Ensemble,PR,0.9177,0.1175,0.7874,0.2791
Ensemble,PR,0.9136,0.1189,0.7874,0.2791
Ensemble,PR,0.9092,0.1202,0.7874,0.2791
Ensemble,PR,0.9052,0.1217,0.7874,0.2791
Ensemble,PR,0.9012,0.1232,0.7874,0.2791
Ensemble,PR,0.8968,0.1247,0.7874,0.2791
Ensemble,PR,0.892,0.1262,0.7874,0.2791
Ensemble,PR,0.8866,0.1277,0.7874,0.2791
Ensemble,PR,0.8812,0.1292,0.7874,0.2791
Ensemble,PR,0.8769,0.131,0.7874,0.2791
Ensemble,PR,0.8714,0.1326,0.7874,0.2791
Ensemble,PR,0.8666,0.1344,0.7874,0.2791
Ensemble,PR,0.862,0.1363,0.7874,0.2791
Ensemble,PR,0.8567,0.1382,0.7874,0.2791
Ensemble,PR,0.8512,0.1401,0.7874,0.2791
Ensemble,PR,0.8443,0.1418,0.7874,0.2791
Ensemble,PR,0.8385,0.1439,0.7874,0.2791
Ensemble,PR,0.8318,0.1458,0.7874,0.2791
Ensemble,PR,0.8248,0.1478,0.7874,0.2791
Ensemble,PR,0.8182,0.1499,0.7874,0.2791
Ensemble,PR,0.8114,0.1521,0.7874,0.2791
Ensemble,PR,0.8042,0.1544,0.7874,0.2791
Ensemble,PR,0.7972,0.1567,0.7874,0.2791
Ensemble,PR,0.7896,0.1592,0.7874,0.2791
Ensemble,PR,0.781,0.1615,0.7874,0.2791
Ensemble,PR,0.7736,0.1642,0.7874,0.2791
Ensemble,PR,0.7656,0.1669,0.7874,0.2791
Ensemble,PR,0.7564,0.1695,0.7874,0.2791
Ensemble,PR,0.7478,0.1723,0.7874,0.2791
Ensemble,PR,0.7386,0.1752,0.7874,0.2791
Ensemble,PR,0.7299,0.1784,0.7874,0.2791
Ensemble,PR,0.7203,0.1816,0.7874,0.2791
Ensemble,PR,0.7093,0.1846,0.7874,0.2791
Ensemble,PR,0.6993,0.1881,0.7874,0.2791
Ensemble,PR,0.6882,0.1915,0.7874,0.2791
Ensemble,PR,0.6765,0.195,0.7874,0.2791
Ensemble,PR,0.6646,0.1987,0.7874,0.2791
Ensemble,PR,0.6522,0.2025,0.7874,0.2791
Ensemble,PR,0.6397,0.2066,0.7874,0.2791
Ensemble,PR,0.6263,0.2107,0.7874,0.2791
Ensemble,PR,0.6129,0.2151,0.7874,0.2791
Ensemble,PR,0.5983,0.2196,0.7874,0.2791
Ensemble,PR,0.5837,0.2245,0.7874,0.2791
Ensemble,PR,0.567,0.229,0.7874,0.2791
Ensemble,PR,0.55,0.2338,0.7874,0.2791
Ensemble,PR,0.5327,0.239,0.7874,0.2791
Ensemble,PR,0.5156,0.245,0.7874,0.2791
Ensemble,PR,0.4975,0.2512,0.7874,0.2791
Ensemble,PR,0.4787,0.2578,0.7874,0.2791
Ensemble,PR,0.4604,0.2657,0.7874,0.2791
Ensemble,PR,0.4401,0.2735,0.7874,0.2791
Ensemble,PR,0.419,0.282,0.7874,0.2791
Ensemble,PR,0.3979,0.2922,0.7874,0.2791
Ensemble,PR,0.3731,0.3013,0.7874,0.2791
Ensemble,PR,0.3487,0.3128,0.7874,0.2791
Ensemble,PR,0.323,0.326,0.7874,0.2791
Ensemble,PR,0.293,0.3378,0.7874,0.2791
Ensemble,PR,0.2623,0.3527,0.7874,0.2791
Ensemble,PR,0.2303,0.3713,0.7874,0.2791
Ensemble,PR,0.1962,0.395,0.7874,0.2791
Ensemble,PR,0.1592,0.4269,0.7874,0.2791
Ensemble,PR,0.1146,0.4589,0.7874,0.2791
Ensemble,PR,0.0661,0.5238,0.7874,0.2791
Ensemble,PR,0.0021,0.7183,0.7874,0.2791
